{
  "assets": {
    "BTCUSD": {
      "aliases": ["BTC", "BITCOIN", "XBTUSD"],
      "M1": { "tp1": 0.5, "tp2": 1.0, "tp3": 1.5, "sl": 0.7 },
      "M5": { "tp1": 1.0, "tp2": 2.0, "tp3": 3.5, "sl": 1.5 },
      "M15": { "tp1": 1.5, "tp2": 3.0, "tp3": 5.0, "sl": 2.0 },
      "H1": { "tp1": 2.5, "tp2": 5.0, "tp3": 8.0, "sl": 3.0 },
      "H4": { "tp1": 4.0, "tp2": 8.0, "tp3": 12.0, "sl": 5.0 }
    },
    "ETHUSDT": {
      "aliases": ["ETH", "ETHEREUM"],
      "M1": { "tp1": 0.6, "tp2": 1.2, "tp3": 1.8, "sl": 0.8 },
      "M5": { "tp1": 1.2, "tp2": 2.5, "tp3": 4.0, "sl": 1.8 },
      "M15": { "tp1": 2.0, "tp2": 4.0, "tp3": 6.0, "sl": 2.5 },
      "H1": { "tp1": 3.0, "tp2": 6.0, "tp3": 10.0, "sl": 4.0 },
      "H4": { "tp1": 5.0, "tp2": 10.0, "tp3": 15.0, "sl": 6.0 }
    },
    "XAUUSD": {
      "aliases": ["GOLD", "XAU"],
      "M1": { "tp1": 0.3, "tp2": 0.6, "tp3": 1.0, "sl": 0.5 },
      "M5": { "tp1": 0.5, "tp2": 1.0, "tp3": 1.5, "sl": 0.8 },
      "M15": { "tp1": 0.8, "tp2": 1.5, "tp3": 2.5, "sl": 1.2 },
      "H1": { "tp1": 1.2, "tp2": 2.5, "tp3": 4.0, "sl": 2.0 },
      "H4": { "tp1": 2.0, "tp2": 4.0, "tp3": 6.0, "sl": 3.0 }
    },
    "EURUSD": {
      "aliases": ["EUR"],
      "M1": { "tp1": 5, "tp2": 10, "tp3": 15, "sl": 8, "unit": "pips" },
      "M5": { "tp1": 10, "tp2": 20, "tp3": 30, "sl": 15, "unit": "pips" },
      "M15": { "tp1": 15, "tp2": 30, "tp3": 50, "sl": 25, "unit": "pips" },
      "H1": { "tp1": 25, "tp2": 50, "tp3": 80, "sl": 40, "unit": "pips" },
      "H4": { "tp1": 40, "tp2": 80, "tp3": 120, "sl": 60, "unit": "pips" }
    },
    "US30": {
      "aliases": ["DOW", "DOWJONES", "DJ30"],
      "M1": { "tp1": 15, "tp2": 30, "tp3": 50, "sl": 25, "unit": "points" },
      "M5": { "tp1": 30, "tp2": 60, "tp3": 100, "sl": 50, "unit": "points" },
      "M15": { "tp1": 50, "tp2": 100, "tp3": 150, "sl": 80, "unit": "points" },
      "H1": { "tp1": 80, "tp2": 150, "tp3": 250, "sl": 120, "unit": "points" },
      "H4": { "tp1": 150, "tp2": 300, "tp3": 500, "sl": 200, "unit": "points" }
    },
    "NAS100": {
      "aliases": ["NASDAQ", "NDX", "USTEC"],
      "M1": { "tp1": 20, "tp2": 40, "tp3": 60, "sl": 30, "unit": "points" },
      "M5": { "tp1": 40, "tp2": 80, "tp3": 120, "sl": 60, "unit": "points" },
      "M15": { "tp1": 60, "tp2": 120, "tp3": 200, "sl": 100, "unit": "points" },
      "H1": { "tp1": 100, "tp2": 200, "tp3": 350, "sl": 150, "unit": "points" },
      "H4": { "tp1": 200, "tp2": 400, "tp3": 600, "sl": 300, "unit": "points" }
    }
  },
  "timeframes": {
    "aliases": {
      "1": "M1", "1M": "M1", "1MIN": "M1", "M1": "M1",
      "5": "M5", "5M": "M5", "5MIN": "M5", "M5": "M5",
      "15": "M15", "15M": "M15", "15MIN": "M15", "M15": "M15",
      "30": "M30", "30M": "M30", "30MIN": "M30", "M30": "M30",
      "60": "H1", "1H": "H1", "H1": "H1",
      "240": "H4", "4H": "H4", "H4": "H4",
      "D": "D1", "1D": "D1", "DAILY": "D1", "D1": "D1"
    }
  },
  "directions": {
    "LONG": ["LONG", "BUY", "ACHAT", "L", "🟢"],
    "SHORT": ["SHORT", "SELL", "VENTE", "S", "🔴"]
  }
}
